draw_number,draw_date,Numero1,Numero2,Numero3,Numero4,Numero5,Numero6,Numero7,Powerball,main_count,main_max,powerball_max
877,2013-03-07,8,16,19,25,26,29,0,5,6,40,20
880,2013-03-28,2,5,21,26,27,28,0,19,6,40,20
886,2013-05-09,2,4,23,26,30,33,0,4,6,40,20
888,2013-05-23,1,6,10,14,26,27,0,7,6,40,20
890,2013-06-06,5,14,16,20,26,29,0,8,6,40,20
893,2013-06-27,3,4,10,25,28,32,0,9,6,40,20
894,2013-07-04,1,8,14,16,17,23,0,11,6,40,20
898,2013-08-01,4,16,18,23,24,29,0,8,6,40,20
899,2013-08-08,1,8,20,22,23,25,0,12,6,40,20
900,2013-08-15,3,9,12,14,23,27,0,12,6,40,20
903,2013-09-05,2,10,12,14,16,20,0,8,6,40,20
905,2013-09-19,4,7,9,19,20,29,0,12,6,40,20
907,2013-10-03,9,10,18,30,31,33,0,10,6,40,20
909,2013-10-17,4,8,12,13,19,30,0,2,6,40,20
912,2013-11-07,9,13,14,25,27,34,0,15,6,40,20
913,2013-11-14,5,8,15,16,18,29,0,19,6,40,20
914,2013-11-21,1,10,16,19,27,34,0,10,6,40,20
921,2014-01-09,14,18,19,20,24,29,0,11,6,40,20
923,2014-01-23,7,9,14,24,28,31,0,11,6,40,20
924,2014-01-30,9,13,14,15,29,32,0,17,6,40,20
925,2014-02-06,3,5,7,10,13,22,0,15,6,40,20
926,2014-02-13,6,8,11,13,24,34,0,7,6,40,20
928,2014-02-27,1,14,18,22,30,34,0,17,6,40,20
935,2014-04-17,8,11,16,20,23,29,0,9,6,40,20
938,2014-05-08,7,8,13,21,28,34,0,4,6,40,20
940,2014-05-22,3,4,6,12,13,20,0,1,6,40,20
941,2014-05-29,2,14,15,21,22,32,0,15,6,40,20
942,2014-06-05,3,6,11,14,17,35,0,4,6,40,20
945,2014-06-26,2,9,10,20,32,33,0,7,6,40,20
947,2014-07-10,10,13,15,20,21,33,0,2,6,40,20
949,2014-07-24,1,8,11,15,21,31,0,20,6,40,20
954,2014-08-28,9,11,14,23,26,28,0,11,6,40,20
955,2014-09-04,2,17,18,24,25,26,0,6,6,40,20
957,2014-09-18,3,10,11,16,34,35,0,4,6,40,20
961,2014-10-16,4,9,13,18,26,34,0,3,6,40,20
965,2014-11-13,4,5,7,14,19,28,0,18,6,40,20
972,2015-01-01,18,24,25,27,32,34,0,6,6,40,20
981,2015-03-05,2,4,6,23,28,32,0,7,6,40,20
983,2015-03-19,7,8,14,18,24,35,0,15,6,40,20
984,2015-03-26,1,10,15,19,25,35,0,18,6,40,20
985,2015-04-02,5,9,11,23,24,33,0,13,6,40,20
987,2015-04-16,6,8,18,25,27,29,0,2,6,40,20
988,2015-04-23,2,9,25,27,32,34,0,8,6,40,20
990,2015-05-07,10,19,20,22,32,33,0,12,6,40,20
994,2015-06-04,3,4,8,16,21,33,0,8,6,40,20
995,2015-06-11,14,16,17,18,32,35,0,1,6,40,20
999,2015-07-09,2,17,19,24,27,35,0,11,6,40,20
1001,2015-07-23,3,9,21,25,27,32,0,18,6,40,20
1003,2015-08-06,5,7,16,17,25,26,0,17,6,40,20
1005,2015-08-20,2,3,17,19,20,33,0,1,6,40,20
1006,2015-08-27,2,5,6,11,23,28,0,14,6,40,20
1007,2015-09-03,3,15,21,30,32,33,0,17,6,40,20
1012,2015-10-08,5,6,13,20,27,35,0,3,6,40,20
1013,2015-10-15,6,7,13,20,23,29,0,18,6,40,20
1017,2015-11-12,1,3,15,19,26,35,0,18,6,40,20
1019,2015-11-26,3,4,8,17,19,33,0,9,6,40,20
1020,2015-12-03,2,7,11,19,21,25,0,16,6,40,20
1021,2015-12-10,10,14,17,18,28,35,0,9,6,40,20
1025,2016-01-07,4,14,18,20,23,34,0,18,6,40,20
1028,2016-01-28,2,9,17,29,31,33,0,9,6,40,20
1030,2016-02-11,1,8,21,22,30,33,0,5,6,40,20
1031,2016-02-18,9,12,16,18,20,29,0,17,6,40,20
1033,2016-03-03,9,19,20,25,27,32,0,5,6,40,20
1034,2016-03-10,4,6,20,22,31,33,0,18,6,40,20
1036,2016-03-24,2,7,16,17,25,32,0,14,6,40,20
1037,2016-03-31,19,20,23,31,32,34,0,11,6,40,20
1038,2016-04-07,3,5,15,20,34,35,0,13,6,40,20
1040,2016-04-21,8,12,18,19,26,33,0,6,6,40,20
1044,2016-05-19,7,11,22,24,26,29,0,20,6,40,20
1045,2016-05-26,5,8,15,29,31,35,0,9,6,40,20
1050,2016-06-30,1,4,13,14,31,33,0,12,6,40,20
1051,2016-07-07,4,9,14,22,23,32,0,19,6,40,20
1052,2016-07-14,6,8,13,26,30,31,0,1,6,40,20
1056,2016-08-11,4,7,12,17,24,35,0,4,6,40,20
1059,2016-09-01,3,11,13,14,18,22,0,9,6,40,20
1060,2016-09-08,9,10,17,25,28,31,0,2,6,40,20
1061,2016-09-15,2,12,13,27,29,32,0,12,6,40,20
1062,2016-09-22,14,16,20,23,28,33,0,11,6,40,20
1066,2016-10-20,5,8,12,22,25,34,0,17,6,40,20
1079,2017-01-19,10,22,31,32,33,35,0,19,6,40,20
1082,2017-02-09,11,16,21,23,31,33,0,2,6,40,20
1083,2017-02-16,15,22,24,25,26,29,0,16,6,40,20
1084,2017-02-23,1,15,16,20,26,29,0,12,6,40,20
1086,2017-03-09,6,9,19,26,27,29,0,15,6,40,20
1089,2017-03-30,1,5,7,19,28,30,0,6,6,40,20
1090,2017-04-06,6,7,17,31,32,34,0,5,6,40,20
1091,2017-04-13,1,5,23,26,33,34,0,10,6,40,20
1092,2017-04-20,7,13,19,22,27,30,0,8,6,40,20
1099,2017-06-08,6,7,10,17,20,25,0,15,6,40,20
1102,2017-06-29,2,3,5,9,12,19,0,9,6,40,20
1104,2017-07-13,1,9,12,24,28,30,0,9,6,40,20
1105,2017-07-20,5,14,15,22,23,25,0,9,6,40,20
1108,2017-08-10,1,6,8,16,17,20,0,1,6,40,20
1110,2017-08-24,3,6,9,13,30,35,0,20,6,40,20
1112,2017-09-07,3,11,14,24,28,35,0,3,6,40,20
1114,2017-09-21,2,10,17,23,25,26,0,5,6,40,20
1115,2017-09-28,1,6,13,14,25,32,0,7,6,40,20
1117,2017-10-12,1,11,15,28,30,32,0,20,6,40,20
1118,2017-10-19,8,9,11,17,31,34,0,16,6,40,20
1120,2017-11-02,3,4,23,30,32,33,0,4,6,40,20
1127,2017-12-21,7,10,15,27,32,33,0,9,6,40,20
1141,2018-03-29,4,7,8,10,14,16,0,10,6,40,20
1142,2018-04-05,5,8,18,22,23,25,0,10,6,40,20
1143,2018-04-12,14,16,18,31,32,33,0,17,6,40,20
1144,2018-04-19,4,5,9,13,25,32,33,7,7,35,20
1145,2018-04-26,9,14,15,19,24,34,35,12,7,35,20
1146,2018-05-03,1,3,6,16,19,20,24,13,7,35,20
1147,2018-05-10,6,14,15,24,26,32,35,14,7,35,20
1148,2018-05-17,3,9,16,25,26,31,34,9,7,35,20
1149,2018-05-24,2,12,14,18,19,23,25,17,7,35,20
1150,2018-05-31,8,9,18,27,29,30,32,6,7,35,20
1151,2018-06-07,14,22,23,24,30,32,34,9,7,35,20
1152,2018-06-14,2,6,7,14,16,29,31,15,7,35,20
1153,2018-06-21,2,5,9,13,24,31,35,16,7,35,20
1154,2018-06-28,2,4,7,17,25,28,34,3,7,35,20
1155,2018-07-05,7,20,23,29,32,33,34,16,7,35,20
1156,2018-07-12,4,16,18,23,25,31,32,5,7,35,20
1157,2018-07-19,2,4,22,23,24,25,29,17,7,35,20
1158,2018-07-26,1,7,8,22,28,31,32,15,7,35,20
1159,2018-08-02,1,3,9,17,22,32,34,19,7,35,20
1160,2018-08-09,4,5,10,12,13,18,34,19,7,35,20
1161,2018-08-16,3,13,27,31,32,33,35,3,7,35,20
1162,2018-08-23,2,6,9,14,18,28,29,11,7,35,20
1163,2018-08-30,13,15,19,20,22,28,32,20,7,35,20
1164,2018-09-06,7,14,18,21,23,25,27,20,7,35,20
1165,2018-09-13,1,2,17,19,22,34,35,11,7,35,20
1166,2018-09-20,2,6,8,10,17,20,30,8,7,35,20
1167,2018-09-27,5,10,15,19,21,22,30,3,7,35,20
1168,2018-10-04,3,11,21,22,24,28,32,7,7,35,20
1169,2018-10-11,13,20,21,23,27,30,32,13,7,35,20
1170,2018-10-18,7,10,17,25,29,33,35,5,7,35,20
1171,2018-10-25,9,11,13,25,26,28,29,12,7,35,20
1172,2018-11-01,4,8,11,17,24,30,35,3,7,35,20
1173,2018-11-08,12,15,17,23,29,30,35,10,7,35,20
1174,2018-11-15,2,7,16,18,23,25,29,20,7,35,20
1175,2018-11-22,3,14,17,28,29,33,34,17,7,35,20
1176,2018-11-29,3,5,17,20,22,29,33,12,7,35,20
1177,2018-12-06,3,5,6,14,20,26,33,19,7,35,20
1178,2018-12-13,7,8,15,24,26,28,35,13,7,35,20
1179,2018-12-20,5,9,13,19,20,24,32,15,7,35,20
1180,2018-12-27,5,7,8,9,17,18,29,19,7,35,20
1181,2019-01-03,7,8,11,12,19,25,33,13,7,35,20
1182,2019-01-10,3,7,10,24,28,31,34,14,7,35,20
1183,2019-01-17,4,11,18,20,22,26,33,9,7,35,20
1184,2019-01-24,2,8,17,19,23,29,35,3,7,35,20
1185,2019-01-31,10,19,22,28,29,31,34,10,7,35,20
1186,2019-02-07,6,11,17,20,22,24,32,19,7,35,20
1187,2019-02-14,3,6,10,11,21,23,34,5,7,35,20
1188,2019-02-21,3,4,12,16,21,25,27,8,7,35,20
1189,2019-02-28,2,4,5,7,11,13,14,14,7,35,20
1190,2019-03-07,4,6,9,13,20,23,27,2,7,35,20
1191,2019-03-14,2,5,8,17,20,24,27,6,7,35,20
1192,2019-03-21,3,14,20,27,29,30,31,7,7,35,20
1193,2019-03-28,4,5,25,26,27,30,34,18,7,35,20
1194,2019-04-04,2,12,14,16,21,25,33,4,7,35,20
1195,2019-04-11,8,15,18,19,20,22,32,9,7,35,20
1196,2019-04-18,1,2,4,11,17,21,30,2,7,35,20
1197,2019-04-25,2,5,9,11,23,25,33,6,7,35,20
1198,2019-05-02,2,4,6,8,9,11,33,4,7,35,20
1199,2019-05-09,5,15,17,18,19,26,29,2,7,35,20
1200,2019-05-16,1,11,13,17,24,34,35,19,7,35,20
1201,2019-05-23,6,7,10,16,17,20,30,4,7,35,20
1202,2019-05-30,4,10,14,17,22,31,34,7,7,35,20
1203,2019-06-06,2,7,8,11,31,33,35,20,7,35,20
1204,2019-06-13,1,5,8,11,17,23,25,3,7,35,20
1205,2019-06-20,4,10,14,16,17,19,34,13,7,35,20
1206,2019-06-27,2,7,17,21,27,32,35,7,7,35,20
1207,2019-07-04,2,15,20,21,22,27,28,3,7,35,20
1208,2019-07-11,6,7,8,21,27,28,34,16,7,35,20
1209,2019-07-18,1,6,11,13,16,23,27,11,7,35,20
1210,2019-07-25,1,3,9,11,22,23,24,4,7,35,20
1211,2019-08-01,9,15,22,23,25,30,35,6,7,35,20
1212,2019-08-08,1,5,11,16,17,29,30,8,7,35,20
1213,2019-08-15,7,14,21,24,27,30,35,13,7,35,20
1214,2019-08-22,3,7,10,11,17,26,35,19,7,35,20
1215,2019-08-29,8,9,11,20,22,27,32,20,7,35,20
1216,2019-09-05,2,4,14,16,19,27,29,13,7,35,20
1217,2019-09-12,10,11,20,27,28,30,31,2,7,35,20
1218,2019-09-19,4,5,8,17,18,26,31,9,7,35,20
1219,2019-09-26,9,22,25,26,27,30,33,19,7,35,20
1220,2019-10-03,2,11,15,20,22,25,29,3,7,35,20
1221,2019-10-10,3,6,11,16,27,28,35,10,7,35,20
1222,2019-10-17,2,6,7,9,21,22,25,12,7,35,20
1223,2019-10-24,1,7,11,12,19,24,30,7,7,35,20
1224,2019-10-31,9,10,16,18,22,29,33,8,7,35,20
1225,2019-11-07,3,7,10,12,13,21,33,4,7,35,20
1226,2019-11-14,8,10,20,24,26,28,32,6,7,35,20
1227,2019-11-21,1,2,3,12,13,23,25,1,7,35,20
1228,2019-11-28,4,12,18,20,21,23,30,1,7,35,20
1229,2019-12-05,14,19,20,27,29,30,32,6,7,35,20
1230,2019-12-12,9,11,15,16,18,28,35,9,7,35,20
1231,2019-12-19,4,8,9,10,11,29,32,18,7,35,20
1232,2019-12-26,7,9,12,17,23,26,27,2,7,35,20
1233,2020-01-02,2,3,9,21,25,27,35,4,7,35,20
1234,2020-01-09,3,4,7,9,24,29,31,2,7,35,20
1235,2020-01-16,7,14,16,20,21,25,28,11,7,35,20
1236,2020-01-23,4,5,10,13,23,27,28,4,7,35,20
1237,2020-01-30,5,8,9,17,20,22,35,16,7,35,20
1238,2020-02-06,1,2,3,11,15,26,35,17,7,35,20
1239,2020-02-13,2,5,7,14,25,29,32,3,7,35,20
1240,2020-02-20,1,3,12,13,21,26,31,19,7,35,20
1241,2020-02-27,1,9,16,17,22,24,31,2,7,35,20
1242,2020-03-05,10,16,23,24,27,28,33,12,7,35,20
1243,2020-03-12,10,17,19,20,26,28,33,2,7,35,20
1244,2020-03-19,1,10,11,12,18,20,27,20,7,35,20
1245,2020-03-26,1,12,14,16,21,27,29,7,7,35,20
1246,2020-04-02,1,3,14,17,19,22,26,18,7,35,20
1247,2020-04-09,2,4,12,18,19,27,34,11,7,35,20
1248,2020-04-16,8,12,15,18,19,24,25,18,7,35,20
1249,2020-04-23,3,6,7,14,18,32,35,2,7,35,20
1250,2020-04-30,6,9,17,25,28,32,34,10,7,35,20
1251,2020-05-07,9,12,16,23,26,29,35,10,7,35,20
1252,2020-05-14,3,4,8,22,23,24,31,15,7,35,20
1253,2020-05-21,7,8,9,18,23,30,32,4,7,35,20
1254,2020-05-28,9,10,21,24,25,30,32,19,7,35,20
1255,2020-06-04,1,5,10,12,17,20,27,13,7,35,20
1256,2020-06-11,1,14,17,22,26,28,33,9,7,35,20
1257,2020-06-18,7,14,17,22,24,28,32,1,7,35,20
1258,2020-06-25,8,12,18,20,24,27,35,17,7,35,20
1259,2020-07-02,1,6,10,15,16,21,26,19,7,35,20
1260,2020-07-09,2,21,26,28,31,32,33,12,7,35,20
1261,2020-07-16,11,14,18,23,26,32,34,5,7,35,20
1262,2020-07-23,3,7,9,16,17,28,32,6,7,35,20
1263,2020-07-30,3,9,19,24,27,30,35,1,7,35,20
1264,2020-08-06,5,7,14,18,23,27,33,7,7,35,20
1265,2020-08-13,5,6,14,15,16,24,32,19,7,35,20
1266,2020-08-20,8,12,17,18,21,23,35,1,7,35,20
1267,2020-08-27,2,13,14,16,18,23,28,9,7,35,20
1268,2020-09-03,1,3,9,13,17,23,32,19,7,35,20
1269,2020-09-10,2,8,9,10,19,23,29,14,7,35,20
1270,2020-09-17,3,4,5,7,11,19,28,6,7,35,20
1271,2020-09-24,1,3,8,11,13,31,32,3,7,35,20
1272,2020-10-01,11,15,16,18,22,26,30,4,7,35,20
1273,2020-10-08,9,10,11,17,19,20,35,3,7,35,20
1274,2020-10-15,2,7,9,15,27,31,32,7,7,35,20
1275,2020-10-22,1,5,6,10,16,19,31,10,7,35,20
1276,2020-10-29,1,2,10,16,24,28,31,19,7,35,20
1277,2020-11-05,2,3,13,14,21,24,35,12,7,35,20
1278,2020-11-12,6,9,11,14,19,23,24,20,7,35,20
1279,2020-11-19,1,7,12,13,26,30,34,11,7,35,20
1280,2020-11-26,3,7,20,21,25,30,31,2,7,35,20
1281,2020-12-03,1,12,15,17,21,28,29,17,7,35,20
1282,2020-12-10,4,8,9,11,14,19,20,19,7,35,20
1283,2020-12-17,4,5,9,16,17,29,33,13,7,35,20
1284,2020-12-24,4,9,11,12,21,29,32,2,7,35,20
1285,2020-12-31,1,2,7,8,11,16,28,7,7,35,20
1286,2021-01-07,2,3,7,17,20,22,23,5,7,35,20
1287,2021-01-14,1,2,17,20,26,27,31,14,7,35,20
1288,2021-01-21,6,15,19,22,27,29,35,14,7,35,20
1289,2021-01-28,6,10,12,13,16,20,30,11,7,35,20
1290,2021-02-04,2,6,18,29,30,33,34,8,7,35,20
1291,2021-02-11,1,7,16,20,26,29,32,14,7,35,20
1292,2021-02-18,3,13,16,19,22,25,30,10,7,35,20
1293,2021-02-25,11,17,19,20,23,25,33,3,7,35,20
1294,2021-03-04,1,6,7,18,22,28,33,4,7,35,20
1295,2021-03-11,1,8,14,17,19,21,26,20,7,35,20
1296,2021-03-18,6,16,18,29,30,33,35,4,7,35,20
1297,2021-03-25,10,12,14,15,16,21,25,5,7,35,20
1298,2021-04-01,1,7,13,23,25,26,27,15,7,35,20
1299,2021-04-08,3,4,12,13,14,21,24,6,7,35,20
1300,2021-04-15,1,5,9,12,17,19,24,3,7,35,20
1301,2021-04-22,10,17,19,21,26,31,35,1,7,35,20
1302,2021-04-29,3,10,14,15,23,30,35,15,7,35,20
1303,2021-05-06,10,14,16,21,23,25,34,9,7,35,20
1304,2021-05-13,5,7,8,11,12,19,25,20,7,35,20
1305,2021-05-20,2,5,7,8,11,14,18,19,7,35,20
1306,2021-05-27,2,5,6,10,12,24,25,20,7,35,20
1307,2021-06-03,1,11,12,14,17,19,28,11,7,35,20
1308,2021-06-10,2,13,15,24,25,32,35,16,7,35,20
1309,2021-06-17,4,10,12,13,20,26,34,1,7,35,20
1310,2021-06-24,8,13,21,28,30,31,33,15,7,35,20
1311,2021-07-01,11,13,16,17,18,19,20,15,7,35,20
1312,2021-07-08,7,8,9,15,17,19,32,6,7,35,20
1313,2021-07-15,3,11,16,17,25,26,32,2,7,35,20
1314,2021-07-22,13,15,16,20,25,28,29,11,7,35,20
1315,2021-07-29,4,7,22,23,26,33,35,17,7,35,20
1316,2021-08-05,7,10,11,12,16,21,25,18,7,35,20
1317,2021-08-12,4,10,17,19,21,23,26,7,7,35,20
1318,2021-08-19,2,7,8,9,10,26,30,3,7,35,20
1319,2021-08-26,10,11,14,25,27,28,32,6,7,35,20
1320,2021-09-02,4,5,12,14,17,25,28,10,7,35,20
1321,2021-09-09,2,3,6,8,17,20,23,2,7,35,20
1322,2021-09-16,1,8,9,22,30,31,32,9,7,35,20
1323,2021-09-23,3,8,10,14,21,23,24,5,7,35,20
1324,2021-09-30,2,7,14,18,24,25,27,20,7,35,20
1325,2021-10-07,4,13,18,25,27,29,34,13,7,35,20
1326,2021-10-14,12,17,20,22,23,27,32,17,7,35,20
1327,2021-10-21,2,7,11,17,27,28,30,11,7,35,20
1328,2021-10-28,9,10,14,15,23,26,29,3,7,35,20
1329,2021-11-04,8,12,15,18,27,30,34,8,7,35,20
1330,2021-11-11,1,2,3,4,15,17,20,16,7,35,20
1331,2021-11-18,1,3,5,8,13,19,34,11,7,35,20
1332,2021-11-25,3,9,16,17,21,22,34,9,7,35,20
1333,2021-12-02,4,5,19,26,27,30,33,8,7,35,20
1334,2021-12-09,4,9,14,25,28,29,34,3,7,35,20
1335,2021-12-16,3,18,25,30,32,33,34,6,7,35,20
1336,2021-12-23,3,10,13,16,20,29,33,19,7,35,20
1337,2021-12-30,16,18,19,23,26,32,35,10,7,35,20
1338,2022-01-06,5,15,20,27,28,29,34,8,7,35,20
1339,2022-01-13,2,9,13,24,28,29,33,13,7,35,20
1340,2022-01-20,11,14,25,26,31,34,35,1,7,35,20
1341,2022-01-27,4,10,15,25,27,28,32,18,7,35,20
1342,2022-02-03,11,16,18,21,22,26,31,8,7,35,20
1343,2022-02-10,3,5,16,19,26,31,32,6,7,35,20
1344,2022-02-17,6,7,13,22,24,30,34,10,7,35,20
1345,2022-02-24,6,9,15,27,28,32,33,8,7,35,20
1346,2022-03-03,2,4,12,18,24,27,28,4,7,35,20
1347,2022-03-10,5,13,15,16,19,29,35,16,7,35,20
1348,2022-03-17,2,7,13,17,19,23,25,13,7,35,20
1349,2022-03-24,4,5,9,21,23,28,32,20,7,35,20
1350,2022-03-31,6,10,13,26,27,28,34,11,7,35,20
1351,2022-04-07,3,5,7,10,15,30,34,12,7,35,20
1352,2022-04-14,2,3,5,11,14,20,31,4,7,35,20
1353,2022-04-21,15,17,19,22,25,28,29,6,7,35,20
1354,2022-04-28,1,7,12,16,19,24,25,7,7,35,20
1355,2022-05-05,2,12,16,17,26,30,35,19,7,35,20
1356,2022-05-12,4,7,9,14,16,18,22,10,7,35,20
1357,2022-05-19,5,8,11,15,27,28,34,3,7,35,20
1358,2022-05-26,10,13,16,19,21,25,33,18,7,35,20
1359,2022-06-02,6,8,11,15,21,31,33,7,7,35,20
1360,2022-06-09,2,3,6,13,20,23,34,12,7,35,20
1361,2022-06-16,3,6,12,15,18,28,29,15,7,35,20
1362,2022-06-23,2,7,9,10,22,31,35,19,7,35,20
1363,2022-06-30,1,6,11,16,17,22,29,2,7,35,20
1364,2022-07-07,3,6,13,14,16,28,30,11,7,35,20
1365,2022-07-14,1,6,17,20,26,33,35,5,7,35,20
1366,2022-07-21,2,7,8,9,24,25,26,9,7,35,20
1367,2022-07-28,5,9,10,19,23,24,34,13,7,35,20
1368,2022-08-04,6,11,13,17,21,23,32,15,7,35,20
1369,2022-08-11,5,9,18,22,23,28,30,3,7,35,20
1370,2022-08-18,1,2,4,20,22,23,27,20,7,35,20
1371,2022-08-25,4,8,12,16,25,31,32,17,7,35,20
1372,2022-09-01,3,4,10,12,15,26,34,20,7,35,20
1373,2022-09-08,13,15,21,23,25,30,31,10,7,35,20
1374,2022-09-15,2,9,10,13,22,31,35,15,7,35,20
1375,2022-09-22,10,15,21,24,26,28,35,8,7,35,20
1376,2022-09-29,9,12,15,16,19,20,35,4,7,35,20
1377,2022-10-06,3,4,6,14,17,28,35,10,7,35,20
1378,2022-10-13,1,13,16,18,25,31,35,2,7,35,20
1379,2022-10-20,6,11,14,17,24,25,33,18,7,35,20
1380,2022-10-27,2,4,7,10,12,18,34,7,7,35,20
1381,2022-11-03,2,6,8,12,22,24,32,2,7,35,20
1382,2022-11-10,3,5,14,15,17,22,32,7,7,35,20
1383,2022-11-17,1,5,6,7,14,19,33,17,7,35,20
1384,2022-11-24,6,9,14,25,27,31,33,15,7,35,20
1385,2022-12-01,2,4,5,7,8,29,34,15,7,35,20
1386,2022-12-08,4,10,14,18,19,21,35,11,7,35,20
1387,2022-12-15,1,7,19,21,22,26,34,2,7,35,20
1388,2022-12-22,5,7,18,21,23,28,31,4,7,35,20
1389,2022-12-29,4,6,9,22,23,24,26,18,7,35,20
1390,2023-01-05,5,7,9,13,21,27,35,6,7,35,20
1391,2023-01-12,3,10,18,22,29,30,34,5,7,35,20
1392,2023-01-19,3,19,21,30,32,34,35,1,7,35,20
1393,2023-01-26,1,15,21,28,30,31,33,16,7,35,20
1394,2023-02-02,2,7,15,21,24,31,35,18,7,35,20
1395,2023-02-09,3,8,11,16,28,32,35,13,7,35,20
1396,2023-02-16,5,8,12,13,20,21,35,8,7,35,20
1397,2023-02-23,3,5,6,11,24,26,30,9,7,35,20
1398,2023-03-02,13,14,16,18,19,21,29,18,7,35,20
1399,2023-03-09,7,10,17,20,27,30,33,1,7,35,20
1400,2023-03-16,3,17,22,28,29,32,34,18,7,35,20
1401,2023-03-23,4,5,7,18,19,25,26,15,7,35,20
1402,2023-03-30,5,6,7,11,12,13,35,15,7,35,20
1403,2023-04-06,6,12,17,21,24,30,33,10,7,35,20
1404,2023-04-13,5,12,15,19,27,29,33,4,7,35,20
1405,2023-04-20,1,12,13,18,24,30,32,6,7,35,20
1406,2023-04-27,6,16,19,27,28,30,33,17,7,35,20
1407,2023-05-04,2,13,18,20,31,34,35,9,7,35,20
1408,2023-05-11,3,8,9,12,15,18,28,14,7,35,20
1409,2023-05-18,3,6,7,11,19,20,33,18,7,35,20
1410,2023-05-25,8,12,17,20,27,29,30,6,7,35,20
1411,2023-06-01,6,14,19,23,28,31,34,3,7,35,20
1412,2023-06-08,12,15,17,20,21,22,28,11,7,35,20
1413,2023-06-15,2,9,11,13,20,25,31,2,7,35,20
1414,2023-06-22,3,4,5,6,14,22,23,17,7,35,20
1415,2023-06-29,1,3,5,8,18,24,28,2,7,35,20
1416,2023-07-06,7,10,12,16,17,20,28,20,7,35,20
1417,2023-07-13,3,11,17,19,27,29,30,15,7,35,20
1418,2023-07-20,4,7,9,14,27,29,32,17,7,35,20
1419,2023-07-27,4,14,16,18,19,22,33,18,7,35,20
1420,2023-08-03,1,7,13,18,23,25,33,7,7,35,20
1421,2023-08-10,9,10,11,16,18,23,24,9,7,35,20
1422,2023-08-17,10,12,17,21,24,26,30,10,7,35,20
1423,2023-08-24,3,8,11,17,18,20,33,7,7,35,20
1424,2023-08-31,6,10,14,27,31,32,35,6,7,35,20
1425,2023-09-07,11,14,18,20,24,27,29,19,7,35,20
1426,2023-09-14,2,5,6,10,17,19,31,10,7,35,20
1427,2023-09-21,4,10,12,13,18,20,23,5,7,35,20
1428,2023-09-28,2,3,14,15,26,27,28,19,7,35,20
1429,2023-10-05,3,4,8,11,14,19,22,5,7,35,20
1430,2023-10-12,1,6,10,20,21,31,35,13,7,35,20
1431,2023-10-19,1,3,4,6,7,24,26,18,7,35,20
1432,2023-10-26,4,9,11,16,22,31,35,20,7,35,20
1433,2023-11-02,6,8,11,12,22,23,30,15,7,35,20
1434,2023-11-09,5,15,23,29,30,34,35,2,7,35,20
1435,2023-11-16,1,7,8,11,29,31,32,16,7,35,20
1436,2023-11-23,4,7,23,31,32,33,35,5,7,35,20
1437,2023-11-30,1,2,11,19,23,30,34,4,7,35,20
1438,2023-12-07,4,6,15,17,23,31,33,15,7,35,20
1439,2023-12-14,2,4,6,8,18,22,30,2,7,35,20
1440,2023-12-21,13,14,20,22,25,34,35,12,7,35,20
1441,2023-12-28,9,11,15,16,24,27,35,1,7,35,20
1442,2024-01-04,21,22,27,30,31,33,34,4,7,35,20
1443,2024-01-11,2,5,16,25,30,32,34,7,7,35,20
1444,2024-01-18,17,20,21,22,24,31,34,6,7,35,20
1445,2024-01-25,1,4,6,9,21,26,27,10,7,35,20
1446,2024-02-01,1,12,23,26,32,33,35,10,7,35,20
1447,2024-02-08,6,7,12,16,20,25,26,2,7,35,20
1448,2024-02-15,5,10,15,18,19,34,35,20,7,35,20
1449,2024-02-22,5,6,7,12,27,28,33,4,7,35,20
1450,2024-02-29,3,5,13,24,25,31,33,17,7,35,20
1451,2024-03-07,2,4,6,8,20,24,30,10,7,35,20
1452,2024-03-14,5,15,24,27,30,32,35,2,7,35,20
1453,2024-03-21,3,7,10,12,13,24,25,11,7,35,20
1454,2024-03-28,6,9,15,18,19,29,34,4,7,35,20
1455,2024-04-04,1,7,10,19,20,25,31,11,7,35,20
1456,2024-04-11,4,6,20,21,24,25,30,2,7,35,20
1457,2024-04-18,9,18,22,23,31,34,35,1,7,35,20
1458,2024-04-25,3,17,20,28,29,32,34,18,7,35,20
1459,2024-05-02,2,4,5,7,13,23,25,16,7,35,20
1460,2024-05-09,1,3,6,12,16,18,32,4,7,35,20
1461,2024-05-16,1,2,9,12,13,14,18,3,7,35,20
1462,2024-05-23,4,6,8,18,28,29,34,11,7,35,20
1463,2024-05-30,2,3,10,20,22,33,35,9,7,35,20
1464,2024-06-06,2,3,5,14,18,20,30,4,7,35,20
1465,2024-06-13,2,6,9,17,25,26,32,4,7,35,20
1466,2024-06-20,1,11,17,20,23,30,32,16,7,35,20
1467,2024-06-27,5,8,9,12,18,33,34,6,7,35,20
1468,2024-07-04,6,8,9,12,13,21,30,4,7,35,20
1469,2024-07-11,9,12,16,17,19,20,22,9,7,35,20
1470,2024-07-18,4,6,16,18,20,28,31,6,7,35,20
1471,2024-07-25,5,6,7,8,12,16,17,13,7,35,20
1472,2024-08-01,2,6,8,10,21,27,30,9,7,35,20
1473,2024-08-08,4,7,8,20,23,29,32,17,7,35,20
1474,2024-08-15,1,8,11,12,16,18,28,15,7,35,20
1475,2024-08-22,4,10,11,16,18,23,24,6,7,35,20
1476,2024-08-29,6,9,12,15,20,21,34,15,7,35,20
1477,2024-09-05,3,7,13,18,21,25,32,18,7,35,20
1478,2024-09-12,9,12,22,24,31,32,34,10,7,35,20
1479,2024-09-19,4,7,9,10,12,24,32,15,7,35,20
1480,2024-09-26,9,10,12,15,20,29,30,16,7,35,20
1481,2024-10-03,10,11,13,15,16,18,34,2,7,35,20
1482,2024-10-10,5,7,10,11,28,33,35,1,7,35,20
1483,2024-10-17,2,6,16,21,27,30,35,7,7,35,20
1484,2024-10-24,1,5,8,9,14,22,33,2,7,35,20
1485,2024-10-31,3,9,11,14,26,34,35,7,7,35,20
1486,2024-11-07,3,15,23,26,31,32,33,6,7,35,20
1487,2024-11-14,4,5,10,11,14,19,25,20,7,35,20
1488,2024-11-21,3,11,15,19,22,30,31,2,7,35,20
1489,2024-11-28,1,4,9,10,22,26,31,14,7,35,20
1490,2024-12-05,5,6,7,11,30,32,33,11,7,35,20
1491,2024-12-12,3,9,11,14,16,19,23,16,7,35,20
1492,2024-12-19,3,9,12,16,23,29,30,19,7,35,20
1493,2024-12-26,1,3,9,18,20,28,29,9,7,35,20
1494,2025-01-02,8,9,15,18,21,22,27,19,7,35,20
1495,2025-01-09,1,2,8,11,17,19,26,11,7,35,20
1496,2025-01-16,2,6,13,14,25,30,31,2,7,35,20
1497,2025-01-23,9,11,12,17,27,29,32,18,7,35,20
1498,2025-01-30,1,2,12,13,18,19,23,4,7,35,20
1499,2025-02-06,10,19,20,23,24,31,34,14,7,35,20
1500,2025-02-13,1,10,23,26,28,31,34,3,7,35,20
1501,2025-02-20,1,3,8,14,16,24,26,4,7,35,20
1502,2025-02-27,1,7,11,22,25,26,35,3,7,35,20
1503,2025-03-06,5,6,18,21,22,23,33,16,7,35,20
1504,2025-03-13,4,5,6,7,11,19,30,20,7,35,20
1505,2025-03-20,1,2,9,16,17,18,32,1,7,35,20
1506,2025-03-27,7,9,11,13,17,21,24,11,7,35,20
1507,2025-04-03,14,15,24,26,27,33,34,10,7,35,20
1508,2025-04-10,15,19,22,23,25,32,34,2,7,35,20
1509,2025-04-17,14,17,27,30,32,34,35,17,7,35,20
1510,2025-04-24,1,13,14,18,19,21,24,13,7,35,20
1511,2025-05-01,2,9,12,15,23,27,30,10,7,35,20
1512,2025-05-08,7,14,15,32,33,34,35,12,7,35,20
1513,2025-05-15,3,7,11,19,24,32,33,17,7,35,20
1514,2025-05-22,3,8,19,21,26,28,30,20,7,35,20
1515,2025-05-29,7,10,15,21,23,26,35,18,7,35,20
1516,2025-06-05,1,6,9,12,24,30,34,10,7,35,20
1517,2025-06-12,3,10,14,16,21,28,31,6,7,35,20
1518,2025-06-19,5,14,21,23,25,32,34,11,7,35,20
1519,2025-06-26,2,17,23,28,29,30,33,15,7,35,20
1520,2025-07-03,1,7,10,18,25,32,35,14,7,35,20
1521,2025-07-10,3,5,14,23,24,31,35,10,7,35,20
1522,2025-07-17,4,18,21,22,29,33,34,3,7,35,20
1523,2025-07-24,2,4,6,19,25,31,34,20,7,35,20
1524,2025-07-31,5,12,15,16,20,22,29,4,7,35,20
1525,2025-08-07,8,11,12,14,21,30,33,19,7,35,20
1526,2025-08-14,1,5,12,14,19,32,33,10,7,35,20
1527,2025-08-21,1,4,8,12,14,16,18,14,7,35,20
1528,2025-08-28,1,4,10,14,21,30,33,6,7,35,20
1529,2025-09-04,3,9,13,22,23,28,32,5,7,35,20
1530,2025-09-11,4,18,19,21,28,32,33,17,7,35,20
1531,2025-09-18,1,12,18,24,29,32,33,8,7,35,20
1532,2025-09-25,1,5,6,8,17,19,20,12,7,35,20
1533,2025-10-02,11,14,15,23,26,28,30,9,7,35,20
1534,2025-10-09,10,11,15,20,21,24,28,20,7,35,20
1535,2025-10-16,13,14,22,27,28,29,33,16,7,35,20
1536,2025-10-23,4,8,14,19,20,24,33,16,7,35,20
1537,2025-10-30,1,13,18,19,21,30,32,17,7,35,20
1538,2025-11-06,7,11,15,16,22,33,34,13,7,35,20
1539,2025-11-13,2,6,7,8,10,15,22,13,7,35,20
1540,2025-11-20,4,11,12,13,19,27,29,20,7,35,20
1541,2025-11-27,2,9,11,17,19,24,28,1,7,35,20
1542,2025-12-04,9,11,12,15,19,23,32,14,7,35,20
1543,2025-12-11,4,5,10,12,16,23,25,10,7,35,20
1544,2025-12-18,2,15,16,19,25,31,35,14,7,35,20
1545,2025-12-25,7,11,16,17,20,23,29,17,7,35,20
1546,2026-01-01,7,9,15,18,27,29,30,3,7,35,20
1547,2026-01-08,7,15,16,17,25,26,27,9,7,35,20
1548,2026-01-15,1,2,4,24,25,27,35,14,7,35,20
1549,2026-01-22,6,9,20,21,22,30,34,5,7,35,20
1550,2026-01-29,4,6,14,18,25,27,34,6,7,35,20
1551,2026-02-05,9,12,15,18,22,25,33,8,7,35,20
1552,2026-02-12,11,12,14,18,20,21,30,7,7,35,20
1553,2026-02-19,7,12,15,17,26,28,30,9,7,35,20
1554,2026-02-26,6,8,12,18,25,26,27,5,7,35,20
1555,2026-03-05,1,5,9,20,22,23,34,17,7,35,20
1556,2026-03-12,4,5,6,9,13,14,18,14,7,35,20
1557,2026-03-19,4,9,18,20,22,25,35,15,7,35,20
1558,2026-03-26,5,9,20,22,24,25,28,20,7,35,20
1559,2026-04-02,20,23,27,30,32,34,35,18,7,35,20
1560,2026-04-09,3,15,17,26,27,32,33,20,7,35,20
1561,2026-04-16,3,7,13,14,15,19,27,18,7,35,20
1562,2026-04-23,4,11,28,29,30,34,35,3,7,35,20
